id,name,age,salary,birthday
1,Ahmed,17.9320,86603,2020-12-28 08:59:19
2,GDC,18.8186,41232,2024-02-15 11:57:58
3,OPA,10.98,39634,2020-06-09 01:20:51
4,Mahmoud,7.16,81068,2021-09-09 20:08:28
5,Ahmed5,5.9,70405,2022-05-17 16:18:43
6,Aya,23.6,47367,2020-06-19 07:36:20
7,Sara,14.6364,43538,2020-02-21 05:41:14
8,Fadi,12.6,72523,2024-08-12 02:44:22
9,MoA,3.3332,80829,2024-02-29 03:48:50
10,TEK,22.57,98302,2020-11-26 20:33:02
11,Khaled,13.28,65247,2021-08-10 12:10:13
12,ICC,16.3,51916,2022-04-28 01:16:53
13,PUS,14.3698,40082,2021-12-05 13:18:46
14,Zainab,28.4940,55630,2022-06-12 06:54:46
15,Sara15,6.7,81864,2021-10-10 03:44:19
16,Dina,19.745,87700,2021-10-15 01:41:19
17,Abdelrahman,25.02,69378,2021-09-17 14:49:30
18,Khaled18,28.58,92784,2021-09-04 23:19:04
19,BFH,29.044,68200,2023-12-04 17:45:25
20,Mahmoud20,20.09,72714,2022-01-03 16:24:48
21,JLV,25.0454,77843,2020-08-10 04:41:00
22,Kareem,18.22,33527,2025-02-02 07:29:15
23,Youssef,15.46,87469,2024-04-05 06:49:35
24,RBQ,25.4,83627,2023-08-05 23:30:19
25,Mahmoud25,6.758,61722,2021-05-07 23:34:01
26,Sami,7.1619,79412,2020-05-24 07:20:36
27,Zainab27,29.7489,82534,2022-11-08 13:13:08
28,Sara28,27.9344,34818,2024-03-22 16:42:57
29,Amr,12.7,44335,2024-02-09 05:30:14
30,UFA,20.755,51802,2023-06-16 07:07:14
31,Youssef31,4.1960,73463,2025-02-27 02:43:19
32,Zainab32,14.6,42924,2021-05-19 19:09:55
33,WIR,16.79,88429,2021-12-30 21:46:28
34,Zainab34,15.50,75215,2025-04-30 12:25:55
35,Hassan,16.035,84522,2024-11-30 23:43:04
36,Mahmoud36,5.32,75656,2021-08-31 11:57:12
37,OTL,15.29,98303,2022-07-31 04:31:36
38,Kareem38,15.8564,89303,2021-09-14 04:37:01
39,Hassan39,11.1,32960,2024-07-14 18:00:16
40,Mohamed,20.50,61970,2022-10-03 16:53:53
41,WDE,17.902,85885,2025-02-12 23:03:12
42,Reem,9.2601,54176,2020-12-29 15:22:52
43,Sami43,20.7473,33826,2023-12-09 15:28:22
44,Fadi44,26.8436,86302,2022-01-28 14:50:47
45,Sara45,22.03,66483,2024-01-07 18:53:19
46,ASR,24.8,43336,2024-04-08 19:53:53
47,Youssef47,17.496,72727,2021-01-19 11:48:20
48,IHE,6.0768,99168,2025-02-27 12:04:09
49,Yara,11.4619,81451,2023-02-19 05:54:30
50,GNE,12.3940,52613,2024-05-06 14:28:47
51,WHQ,22.062,41108,2023-08-04 06:52:56
52,Hassan52,11.46,70026,2020-08-16 04:00:55
53,Ibrahim,13.08,96954,2022-01-27 21:24:14
54,AOZ,19.1035,85448,2020-12-28 09:43:52
55,XPM,20.16,51871,2022-08-13 06:59:53
56,Kareem56,6.788,89113,2023-04-23 11:15:09
57,VHB,26.4,93518,2020-09-23 09:06:05
58,YCM,25.0108,83626,2023-08-28 20:14:12
59,AOZ59,14.2220,94054,2020-11-22 07:28:38
60,Hassan60,18.27,68284,2020-03-04 18:54:53
61,Nour,9.071,52047,2024-03-03 05:22:43
62,ENP,18.2726,96952,2020-08-08 20:59:29
63,YTR,6.084,35453,2024-01-22 18:25:59
64,KRJ,14.92,85725,2020-07-18 19:32:50
65,LGB,25.41,69021,2024-09-02 18:05:45
66,Sara66,3.870,75688,2024-08-09 03:38:06
67,Mahmoud67,5.3,61056,2021-02-13 11:20:06
68,Aya68,22.916,86120,2020-11-19 19:55:23
69,Mahmoud69,6.76,57124,2024-04-20 09:56:43
70,Ali,18.392,52069,2021-09-23 10:45:24
71,BGR,22.009,65041,2025-02-01 03:03:10
72,Hassan72,16.9,47771,2025-02-21 08:50:08
73,WOG,24.2,66349,2024-08-18 14:38:10
74,Ziad,6.43,62725,2020-10-12 07:42:10
75,Omar,11.70,81472,2022-08-12 22:24:54
76,Kareem76,18.590,84293,2022-01-01 23:04:08
77,Fadi77,5.0,82802,2022-10-02 23:05:06
78,BQQ,10.512,89597,2025-01-27 22:41:48
79,Yara79,11.8,42208,2023-11-27 01:09:24
80,Abdelrahman80,15.378,38300,2024-04-01 08:49:22
81,Khaled81,13.7383,57767,2022-08-23 04:31:57
82,Fadi82,11.717,74270,2022-12-03 19:16:06
83,Ibrahim83,6.5260,75054,2024-10-10 11:53:50
84,Mahmoud84,23.6,43051,2023-05-06 16:13:47
85,BVW,25.6,46284,2024-12-18 07:45:52
86,Dina86,7.2656,30088,2025-04-19 01:50:00
87,VZY,14.55,69566,2020-11-06 03:57:38
88,EMF,28.184,42234,2023-07-01 02:25:35
89,Ali89,9.761,51695,2020-04-11 00:53:14
90,Ahmed90,19.89,86260,2023-07-02 20:26:24
91,GUL,22.0,57973,2022-07-19 05:59:49
92,Mariam,6.58,98084,2023-08-19 15:30:39
93,URM,3.251,45806,2025-04-11 21:21:54
94,Khaled94,14.40,92613,2020-05-18 04:27:52
95,POT,13.3,43526,2021-09-03 08:22:10
96,Hala,26.79,80164,2024-02-18 00:30:48
97,Zainab97,23.34,48724,2020-05-13 11:18:18
98,EYC,18.21,87684,2021-11-16 04:00:49
99,Reem99,8.75,83963,2023-04-16 23:08:34
100,Abdelrahman100,14.94,41362,2024-10-15 06:04:04
101,Omar101,6.8,80335,2021-11-16 20:18:17
102,OPB,14.59,62477,2021-06-24 08:44:00
103,Nadia,5.275,33515,2024-07-12 05:41:58
104,Lina,20.777,56928,2022-10-07 03:05:06
105,Youssef105,16.7571,68737,2023-06-14 16:15:12
106,Aya106,24.16,94865,2022-01-22 20:42:21
107,Youssef107,9.5,99243,2024-09-29 21:38:13
108,Nadia108,3.326,71480,2020-09-14 11:57:58
109,Fadi109,26.2420,77895,2022-12-01 22:35:00
110,AOZ110,7.6648,39567,2020-02-02 13:27:52
111,AQO,4.823,58277,2020-03-18 16:51:10
112,Sara112,4.6327,96402,2021-07-12 22:30:16
113,Youssef113,22.2410,85518,2023-10-01 05:34:52
114,Kareem114,5.23,66368,2020-06-12 02:20:57
115,WJE,5.13,50365,2022-11-12 11:55:59
116,SPZ,13.5,70654,2023-09-25 02:47:57
117,Ahmed117,22.71,37589,2021-04-21 23:31:11
118,Sara118,28.0,89424,2023-04-09 14:11:05
119,Nadia119,4.49,45655,2020-01-25 17:01:28
120,Fatima,6.7,51473,2022-08-26 12:02:20
121,Omar121,12.361,51884,2021-12-26 12:24:50
122,TEH,23.244,45473,2024-02-14 01:27:06
123,Amr123,3.7926,65649,2022-10-19 00:56:58
124,Dina124,10.1,95031,2022-06-07 02:10:50
125,NGX,12.7233,51873,2021-12-18 08:36:44
126,Dina126,9.9,45117,2021-03-21 14:48:31
127,Youssef127,16.7,31610,2021-04-22 02:52:37
128,Amr128,15.7376,49671,2020-12-15 03:40:00
129,QGT,28.9,84967,2021-03-14 00:42:17
130,Ziad130,9.703,65554,2024-05-30 12:28:59
131,Omar131,18.4,95803,2023-08-06 15:48:11
132,Fatima132,4.42,97603,2025-03-29 17:43:20
133,Hassan133,28.8,90960,2024-08-16 15:05:34
134,YUKI,23.885,72899,2020-06-17 12:54:56
135,Sara135,15.332,56302,2021-07-22 21:38:54
136,Hassan136,24.18,90807,2021-12-19 12:02:39
137,Kareem137,29.24,62129,2020-10-20 18:07:11
138,UWX,28.2,60539,2022-11-22 13:18:44
139,Mahmoud139,20.2,73911,2020-01-03 20:27:30
140,Kareem140,20.747,43624,2021-02-04 08:01:16
141,WKQ,29.5441,94491,2025-02-18 06:31:44
142,Zainab142,29.26,66677,2020-06-30 11:52:45
143,Ibrahim143,27.8744,78823,2022-06-13 10:50:18
144,VWA,23.2,96247,2020-09-17 11:39:08
145,IYU,25.1,38163,2022-04-28 15:38:17
146,VGU,29.03,68230,2021-05-24 04:38:22
147,Abdelrahman147,11.5052,72762,2021-09-12 12:44:04
148,Nour148,10.3,56569,2020-09-22 13:18:03
149,YUKI149,23.8,50369,2020-07-25 03:19:06
150,JVW,15.138,83282,2020-08-23 13:22:36
151,Nadia151,12.67,89233,2021-08-24 12:12:01
152,Amr152,10.2,41851,2020-11-03 12:10:56
153,Mohamed153,21.5,58183,2024-06-18 21:20:25
154,HQK,11.9,62534,2025-03-04 08:21:41
155,NYC,13.7,69169,2021-05-22 14:02:59
156,EZG,29.7,83004,2024-07-25 07:51:04
157,Ziad157,18.01,42415,2022-06-20 10:42:46
158,MoA158,24.71,45919,2020-01-24 07:52:15
159,Reem159,25.42,47133,2021-01-21 13:22:52
160,DXE,13.8,63924,2024-11-24 21:40:32
161,Ziad161,5.0,55919,2024-10-26 18:28:34
162,Zainab162,14.97,42055,2024-10-31 19:22:14
163,RYT,25.393,46059,2020-03-24 07:12:44
164,Ziad164,15.45,86774,2024-05-22 02:35:49
165,Nadia165,13.7,80165,2023-08-25 22:45:41
166,QRD,7.67,54530,2021-06-20 11:44:46
167,NRI,15.04,34541,2023-04-13 02:55:34
168,Sara168,19.658,95390,2022-03-14 19:07:22
169,Ziad169,17.9,41497,2021-06-29 20:13:50
170,Sami170,6.71,98919,2021-05-01 02:05:39
171,Fatima171,29.8,80134,2024-03-05 12:25:25
172,Hala172,12.6960,75093,2024-11-15 15:11:18
173,Sara173,16.5646,65446,2020-12-16 19:41:54
174,HFU,11.61,33840,2024-10-13 15:17:23
175,Amr175,24.0,91824,2022-10-29 22:08:14
176,Fadi176,23.70,50922,2020-07-14 08:41:24
177,Lina177,20.735,99951,2024-05-11 13:44:10
178,Fatima178,27.8,58758,2023-01-28 04:12:25
179,TRH,29.5319,76504,2024-12-29 14:05:13
180,Reem180,29.77,53081,2021-04-06 12:16:12
181,YUKI181,11.586,33697,2023-10-04 10:28:39
182,GIU,12.50,54672,2024-06-20 09:29:33
183,Ali183,24.8808,70508,2020-12-08 12:16:12
184,Nour184,4.0,60490,2023-03-19 20:15:29
185,AOZ185,3.5381,30089,2021-10-09 05:06:44
186,Ziad186,19.58,74663,2023-10-30 17:53:15
187,OSJ,27.807,37806,2020-02-12 18:02:58
188,Hassan188,18.84,44538,2024-07-09 11:37:15
189,Ahmed189,26.2,78967,2023-10-06 13:17:15
190,WXU,20.9,74113,2021-08-11 17:51:05
191,MoA191,6.68,87261,2024-03-24 21:14:03
192,NBG,28.938,52833,2023-10-11 17:07:58
193,LUR,18.173,59260,2023-07-22 10:51:16
194,PYX,24.9903,70215,2023-12-03 00:34:49
195,Yara195,10.95,30235,2025-01-25 02:03:14
196,LXL,28.6149,34244,2020-12-21 05:47:45
197,Abdelrahman197,11.59,43645,2025-01-01 11:28:08
198,Youssef198,6.8,61194,2021-11-07 15:02:13
199,VHU,11.6,74007,2022-05-21 08:59:59
200,Mahmoud200,10.16,38885,2021-11-14 18:55:47
